{
  "inertial": {
    "proximal": {
      "m": 0.0155,
      "com_body": [
        -0.026251,
        3.4e-05,
        -0.0
      ],
      "I": [
        [
          1.215421e-06,
          2.072062e-08,
          1.045668e-13
        ],
        [
          2.072062e-08,
          4.532059e-06,
          -6.640057e-15
        ],
        [
          1.045668e-13,
          -6.640057e-15,
          4.431324e-06
        ]
      ]
    },
    "middle": {
      "m": 0.00679,
      "com_body": [
        -0.020253,
        8.9e-05,
        -0.0
      ],
      "I": [
        [
          5.818377e-07,
          8.658681e-09,
          3.662567e-14
        ],
        [
          8.658681e-09,
          1.279118e-06,
          -3.664415e-15
        ],
        [
          3.662567e-14,
          -3.664415e-15,
          1.195905e-06
        ]
      ]
    },
    "distal": {
      "m": 0.00391,
      "com_body": [
        -0.016047,
        -0.0008,
        0.0
      ],
      "I": [
        [
          3.462849e-07,
          -4.185637e-08,
          -5.976719e-15
        ],
        [
          -4.185637e-08,
          5.280969e-07,
          -1.203437e-14
        ],
        [
          -5.976719e-15,
          -1.203437e-14,
          4.537598e-07
        ]
      ]
    }
  }
}